Date of Application,Legal Name,Trade Name 2,App NO,Registration Number,Type of PIBO,Application Status
2022-03-24T10:54:53,AMARTARA PVT LTD,AMARTARA PVT LTD,8,20220324088,Importer,Rejected
2022-03-24T14:39:28,TION ENTERPRISES PVT LTD,TION ENTERPRISES PVT LTD,11,202203240811,Importer,Rejected
2022-04-07T18:42:30,Shree Ram International,Shree Ram International,90,202204070890,Importer,Rejected
2022-04-19T16:33:15,PRATHAM INERNATIONAL,PRATHAM INERNATIONAL,233,2022041908233,Importer,Rejected
2022-04-01T15:51:58,N K EXIM,N K EXIM,43,202204010843,Importer,Rejected
2022-04-21T14:51:40,JDM PAPERS,JDM PAPERS,270,2022042108270,Importer,Rejected
2022-04-16T17:58:57,SHREE BALAJI INTERNATIONAL,SHREE BALAJI INTERNATIONAL,189,2022041608189,Importer,Rejected
2022-04-19T12:37:05,HARSHIV ENTERPRISES,HARSHIV ENTERPRISES,222,2022041908222,Importer,Rejected
2022-04-17T11:13:58,TAC OVERSEAS,TAC OVERSEAS,191,2022041708191,Importer,Rejected
2022-04-19T15:22:25,R P TRADERS,R P TRADERS,230,2022041908230,Importer,Rejected
2022-04-20T10:43:06,SHREE HARI TRADING CO,SHREE HARI TRADING CO,245,2022042008245,Importer,Rejected
2022-04-25T16:00:43,ANKUR PAPER MART,ANKUR PAPER MART,342,2022042508342,Importer,Rejected
2022-04-14T11:42:35,NITIN BOARD COMPANY,NITIN BOARD COMPANY,163,2022041408163,Importer,Rejected
2022-04-07T12:20:03,ABN GLOBAL EXIM,ABN GLOBAL EXIM,81,202204070881,Importer,Rejected
2022-04-07T16:25:28,New Age Traders,New Age Traders,86,202204070886,Importer,Rejected
2022-04-12T13:14:49,PRAGNYA INTERNATIONAL,PRAGNYA INTERNATIONAL,129,2022041208129,Importer,Rejected
2022-06-02T17:48:56,ARYA INTERNATIONAL,ARYA INTERNATIONAL,1279,20220602081279,Importer,Rejected
2022-04-17T12:30:37,Abro International,Abro International,192,2022041708192,Importer,Rejected
2022-04-11T18:43:35,Fotedar Engineering Services,Fotedar Engineering Services,119,2022041108119,Importer,Rejected
2022-04-11T22:27:52,Sachin Chemical Agency,Sachin Chemical Agency,121,2022041108121,Importer,Rejected
2022-04-12T16:33:39,UNITED TRADING COMPANY,UNITED TRADING COMPANY,136,2022041208136,Importer,Rejected
2022-04-12T19:48:17,SBBE ENTERPRISES PVT LTD,SBBE ENTERPRISES PVT LTD,141,2022041208141,Importer,Rejected
2022-04-13T12:46:40,ROYAL IMPEX,ROYAL IMPEX,150,2022041308150,Importer,Rejected
2022-04-13T14:00:03,DIVYA IMPEX,DIVYA IMPEX,151,2022041308151,Importer,Rejected
2022-04-15T17:11:27,STELLAR INDIA,STELLAR INDIA,185,2022041508185,Importer,Rejected
2022-04-13T22:21:53,ROYAL POLY INDIA,ROYAL POLY INDIA,156,2022041308156,Importer,Rejected
2022-04-15T12:39:06,Nitin Jain,Nitin Jain,176,2022041508176,Importer,Rejected
2022-04-14T17:47:32,Tree Universe,Tree Universe,165,2022041408165,Importer,Rejected
2022-04-15T14:25:36,SHRI HARI IMPEX,SHRI HARI IMPEX,179,2022041508179,Importer,Rejected
2022-04-17T16:48:56,S A ENTERPRISE,S A ENTERPRISE,194,2022041708194,Importer,Rejected
2022-04-16T17:33:57,A K TRADELINK,A K TRADELINK,188,2022041608188,Importer,Rejected
2022-04-17T12:58:58,R Mithanlal Overseas,R Mithanlal Overseas,193,2022041708193,Importer,Rejected
2022-04-21T13:10:29,MS POLYFILM,MS POLYFILM,267,2022042108267,Importer,Rejected
2022-04-19T13:28:49,BANSAL TRADING CO,BANSAL TRADING CO,226,2022041908226,Importer,Rejected
2022-04-18T16:22:47,NV OVERSEAS,NV OVERSEAS,208,2022041808208,Importer,Rejected
2022-04-18T17:56:00,NEW SAMAIRA GLOBAL,NEW SAMAIRA GLOBAL,214,2022041808214,Importer,Rejected
2022-04-18T15:12:20,SAI PAPERS,SAI PAPERS,205,2022041808205,Importer,Rejected
2022-04-18T19:52:35,ISHITA OVERSEAS,ISHITA OVERSEAS,216,2022041808216,Importer,Rejected
2022-04-19T13:20:39,KASHVI IMPEX,KASHVI IMPEX,224,2022041908224,Importer,Rejected
2022-04-19T17:48:21,AK ENTERPRISES,AK ENTERPRISES,236,2022041908236,Importer,Rejected
2022-04-19T15:54:59,LAXMI PLYWOOD CO,LAXMI PLYWOOD CO,231,2022041908231,Importer,Rejected
2022-04-19T18:31:07,SILVER STONE INDUSTRIES,SILVER STONE INDUSTRIES,238,2022041908238,Importer,Rejected
2022-04-19T18:26:40,A B IMPEX,A B IMPEX,237,2022041908237,Importer,Rejected
2022-04-21T12:36:19,NAVKAR IMPEX,NAVKAR IMPEX,264,2022042108264,Importer,Rejected
2022-04-21T13:23:03,TAPO DHANI INTERNATIONAL,TAPO DHANI INTERNATIONAL,268,2022042108268,Importer,Rejected
2022-04-21T15:08:18,SHREE CHANDA INTERNATIONAL,SHREE CHANDA INTERNATIONAL,272,2022042108272,Importer,Rejected
2022-06-07T09:58:01,SULOCHNA RETAIL MART PRIVATE LIMITED,SULOCHNA RETAIL MART PRIVATE LIMITED,269,2022060708269,Importer,Rejected
2022-04-23T13:37:11,SH ENTERPRISES,SH ENTERPRISES,319,2022042308319,Importer,Rejected
2022-04-21T18:40:13,GAURANGAIMPORTS,GAURANGAIMPORTS,281,2022042108281,Importer,Rejected
2022-04-22T11:57:37,ADITYA HARSH TRADING COMPANY,ADITYA HARSH TRADING COMPANY,288,2022042208288,Importer,Rejected
2022-04-22T13:15:03,VEER VARDHMAN TEXTILE MILLS LIMITED,VEER VARDHMAN TEXTILE MILLS LIMITED,290,2022042208290,Importer,Rejected
2022-04-22T16:49:13,RMM FOOD PRODUCTS,RMM FOOD PRODUCTS,301,2022042208301,Importer,Rejected
2022-08-03T13:49:15,CHETANYA EXPORTS CO,CHETANYA EXPORTS CO,3893,20220803083893,Importer,Rejected
2022-04-23T21:48:19,KALASH INTERNATIONAL,KALASH INTERNATIONAL,327,2022042308327,Importer,Rejected
2022-04-25T10:56:51,Himaliyaa Traders,Himaliyaa Traders,329,2022042508329,Importer,Rejected
2022-04-25T14:27:33,ROYAL SILK SPLENDOUR PVT LTD,ROYAL SILK SPLENDOUR PVT LTD,334,2022042508334,Importer,Rejected
2022-04-26T13:37:05,TONY SALES CORPORATION,TONY SALES CORPORATION,356,2022042608356,Importer,Rejected
2022-04-25T17:59:23,PLUS POINTS,PLUS POINTS,344,2022042508344,Importer,Rejected
2022-05-02T13:17:29,Zalani paper mart,Zalani paper mart,440,2022050208440,Importer,Rejected
2022-04-26T16:22:13,J D INDUSTRIES,J D INDUSTRIES,363,2022042608363,Importer,Rejected
2022-04-29T10:05:42,VEDICARE AYURVEDA PRIVATE LIMITED,VEDICARE AYURVEDA PRIVATE LIMITED,406,2022042908406,Importer,Rejected
2022-04-28T09:33:31,A V ENTERPRISES,A V ENTERPRISES,380,2022042808380,Importer,Rejected
2022-04-28T16:00:16,H P PACKAGING,H P PACKAGING,395,2022042808395,Importer,Rejected
2022-04-29T14:38:10,BANSAL POLYPLAST PRIVATE LIMITED,BANSAL POLYPLAST PRIVATE LIMITED,414,2022042908414,Importer,Rejected
2022-04-29T17:24:47,PERFECT PRODUCTS,PERFECT PRODUCTS,421,2022042908421,Importer,Rejected
2022-04-29T18:59:41,YASHVI TRADING,YASHVI TRADING,425,2022042908425,Importer,Rejected
2022-04-29T19:21:35,GA IMPEX,GA IMPEX,426,2022042908426,Importer,Rejected
2022-05-02T19:10:21,A B CORPORATION,A B CORPORATION,456,2022050208456,Importer,Rejected
2022-05-03T12:44:09,GLOBAL ENTERPRISES,GLOBAL ENTERPRISES,465,2022050308465,Importer,Rejected
2022-05-03T17:37:09,POLYFILMS ENTERPRISES,POLYFILMS ENTERPRISES,478,2022050308478,Importer,Rejected
2022-05-04T15:45:05,NEW SHRIYANSH ENTERPRISES,NEW SHRIYANSH ENTERPRISES,492,2022050408492,Importer,Rejected
2022-05-05T12:41:51,ABAD OVERSEAS PVT LTD,ABAD OVERSEAS PVT LTD,506,2022050508506,Importer,Rejected
2022-05-05T16:49:24,OSJS PRIVATE LIMITED,OSJS PRIVATE LIMITED,519,2022050508519,Importer,Rejected
2022-05-05T18:45:53,GLOBAL ENTERPRISE,GLOBAL ENTERPRISE,522,2022050508522,Importer,Rejected
2022-05-06T16:44:19,DEEPAK TRADERS,DEEPAK TRADERS,547,2022050608547,Importer,Rejected
2022-05-07T14:17:44,CHEMSIL INTERNATIONAL,CHEMSIL INTERNATIONAL,562,2022050708562,Importer,Rejected
2022-05-07T15:48:12,SUBHLAXMI INDUSTRIES,SUBHLAXMI INDUSTRIES,565,2022050708565,Importer,Rejected
2022-05-09T18:58:26,ALFA INSTRUMENTS,ALFA INSTRUMENTS,592,2022050908592,Importer,Rejected
2022-05-16T12:42:54,GTFC PRIVATE LIMITED,GTFC PRIVATE LIMITED,714,2022051608714,Importer,Rejected
2022-06-01T13:13:48,Syngene International Limited,Syngene International Limited,1179,20220601081179,Importer,Rejected
2022-05-11T10:28:55,A V ENTERPRISES,A V ENTERPRISES,615,2022051108615,Importer,Rejected
2022-05-11T14:10:46,K D OVERSEAS,K D OVERSEAS,629,2022051108629,Importer,Rejected
2022-05-11T16:28:56,Unique Poly Films Enterprise,Unique Poly Films Enterprise,643,2022051108643,Importer,Rejected
2022-05-12T19:06:20,Guru Kirpa International,Guru Kirpa International,668,2022051208668,Importer,Rejected
2022-05-11T22:56:45,OM BALAJI IMPEX,OM BALAJI IMPEX,647,2022051108647,Importer,Rejected
2022-05-12T17:44:44,HEENA TRADERS,HEENA TRADERS,666,2022051208666,Importer,Rejected
2022-06-08T15:43:22,KIRBY BUILDINGS SYSTEMS AND STRUCTURES INDIA PRIVATE LIMITED,KIRBY BUILDINGS SYSTEMS AND STRUCTURES INDIA PRIVATE LIMITED,1159,20220608081159,Importer,Rejected
2022-05-21T17:49:33,SENSETEK OPTICAL PRIVATE LIMITED,SENSETEK OPTICAL PRIVATE LIMITED,772,2022052108772,Importer,Rejected
2022-05-27T18:33:31,JOIN PACK MACHINES PRIVATE LIMITED,JOIN PACK MACHINES PRIVATE LIMITED,1036,20220527081036,Importer,Rejected
2022-05-23T14:21:31,SITREN LLP,SITREN LLP,783,2022052308783,Importer,Rejected
2022-05-25T13:02:58,Synokem Pharmaceuticals Limited,Synokem Pharmaceuticals Limited,929,2022052508929,Importer,Rejected
2022-06-23T15:37:49,YUTO PRINTING AND PACKAGING INDIA PVT LTD,YUTO PRINTING AND PACKAGING INDIA PVT LTD,1915,20220623081915,Importer,Rejected
2022-05-26T15:53:40,ABC Fruits,ABC Fruits,984,2022052608984,Importer,Rejected
2022-05-28T12:24:57,KALIWALA PLASTIC,KALIWALA PLASTIC,1043,20220528081043,Importer,Rejected
2022-05-30T17:33:57,BHAAGYA IMPEX,BHAAGYA IMPEX,1102,20220530081102,Importer,Rejected
2022-06-01T14:46:10,BALOCHISTAN TRADING CO.,BALOCHISTAN TRADING CO.,1198,20220601081198,Importer,Rejected
2022-06-09T12:21:00,Lotte Chemical India Private Limited,Lotte Chemical India Private Limited,1251,20220609081251,Importer,Rejected
2022-06-08T15:28:29,FLOWERBELL ONLINE SERVICES,FLOWERBELL ONLINE SERVICES,1277,20220608081277,Importer,Rejected
2022-06-03T12:59:37,DEVI SEA FOODS LIMITED,DEVI SEA FOODS LIMITED,1276,20220603081276,Importer,Rejected
2022-06-03T13:13:07,PARTH INTERNATIONAL,PARTH INTERNATIONAL,1303,20220603081303,Importer,Rejected
2022-08-18T18:17:59,ANUP ENTERPRISE,ANUP ENTERPRISE,4581,20220818084581,Importer,Rejected
2022-07-12T16:49:30,NISHA GUPTA,NISHA GUPTA,2674,20220712082674,Importer,Rejected
2022-06-08T23:09:28,R.G. MARKETING,R.G. MARKETING,1490,20220608081490,Importer,Rejected
2022-06-09T11:44:40,VIVA COSMETICS,VIVA COSMETICS,1496,20220609081496,Importer,Rejected
2022-06-14T13:53:07,SHREE SHYAM PRINT N PACK,SHREE SHYAM PRINT N PACK,1512,20220614081512,Importer,Rejected
2022-06-11T12:17:34,SHINDENGEN INDIA PRIVATE LIMITED,SHINDENGEN INDIA PRIVATE LIMITED,1561,20220611081561,Importer,Rejected
2022-06-14T17:19:14,WEEO TECHNOPLAST,WEEO TECHNOPLAST,1654,20220614081654,Importer,Rejected
2022-06-25T12:17:41,KANJ PRODUCTS PVT LTD,KANJ PRODUCTS PVT LTD,1970,20220625081970,Importer,Rejected
2022-06-15T22:10:09,GEM INTERNATIONAL,GEM INTERNATIONAL,1683,20220615081683,Importer,Rejected
2022-06-16T12:22:22,FRESH FOOD AGRO INDUSTRIES,FRESH FOOD AGRO INDUSTRIES,1698,20220616081698,Importer,Rejected
2022-06-17T09:01:21,PANEL OPTODISPLAY TECHNOLOGY PRIVATE LIMITED,PANEL OPTODISPLAY TECHNOLOGY PRIVATE LIMITED,1712,20220617081712,Importer,Rejected
2022-06-17T10:22:57,NAVA QUALITY FOODS PVT LTD,NAVA QUALITY FOODS PVT LTD,1717,20220617081717,Importer,Rejected
2022-06-17T11:12:24,ACE IMPEX,ACE IMPEX,1721,20220617081721,Importer,Rejected
2022-06-20T14:58:33,VISHAL SURGICAL EQUIPMENT COMPANY PRIVATE LIMITED,VISHAL SURGICAL EQUIPMENT COMPANY PRIVATE LIMITED,1798,20220620081798,Importer,Rejected
2022-06-30T16:30:00,MALIK ENTERPRISES,MALIK ENTERPRISES,2234,20220630082234,Importer,Rejected
2022-06-28T16:42:07,CISCO COMMERCE INDIA PRIVATE LIMITED,CISCO COMMERCE INDIA PRIVATE LIMITED,1824,20220628081824,Importer,Rejected
2022-06-27T11:07:02,pankaj traders,pankaj traders,1881,20220627081881,Importer,Rejected
2022-06-24T14:04:28,PHELIX METALS,PHELIX METALS,1948,20220624081948,Importer,Rejected
2022-06-27T15:13:21,Kyocera CTC Precision Tools Pvt Ltd,Kyocera CTC Precision Tools Pvt Ltd,1911,20220627081911,Importer,Rejected
2022-06-24T17:44:38,SINCLAIR TRADERS,SINCLAIR TRADERS,1958,20220624081958,Importer,Rejected
2022-08-03T15:06:15,Guhring (India) Private Limited,Guhring (India) Private Limited,1960,20220803081960,Importer,Rejected
2022-06-29T15:55:38,SURIYA IMPEX,SURIYA IMPEX,1964,20220629081964,Importer,Rejected
2022-07-22T13:35:03,dizo innovation pvt ltd,dizo innovation pvt ltd,3204,20220722083204,Importer,Rejected
2022-08-05T14:01:53,Duke Electrical Industries,Duke Electrical Industries,4084,20220805084084,Importer,Rejected
2022-07-04T20:36:30,MSG ENTERPRISES,MSG ENTERPRISES,2004,20220704082004,Importer,Rejected
2022-06-27T16:48:11,RAHUL TRADING COMPANY,RAHUL TRADING COMPANY,2033,20220627082033,Importer,Rejected
2022-06-30T11:13:58,NANAK CHAND AGGARWAL & BROS.,NANAK CHAND AGGARWAL & BROS.,2056,20220630082056,Importer,Rejected
2022-06-29T16:14:53,Hermes India Retail and Distributors Private Limited,Hermes India Retail and Distributors Private Limited,2122,20220629082122,Importer,Rejected
2022-06-29T13:23:04,MAHALAXMI OVERSEAS,MAHALAXMI OVERSEAS,2140,20220629082140,Importer,Rejected
2022-07-01T14:31:00,HANUMAN ENTERPRISES,HANUMAN ENTERPRISES,2152,20220701082152,Importer,Rejected
2022-06-29T15:57:02,PRAJA CONTROLS & SYSTEMS PVT. LTD.,PRAJA CONTROLS & SYSTEMS PVT. LTD.,2165,20220629082165,Importer,Rejected
2022-07-26T12:11:29,KEI INDUSTRIES LIMITED,KEI INDUSTRIES LIMITED,3320,20220726083320,Importer,Rejected
2022-06-30T19:05:28,M D IMPORTS,M D IMPORTS,2245,20220630082245,Importer,Rejected
2022-08-05T18:15:49,NITTO DENKO INDIA PRIVATE LTD,NITTO DENKO INDIA PRIVATE LTD,4155,20220805084155,Importer,Rejected
2022-07-06T17:09:24,VARDHMAN PEN PVT. LTD.,VARDHMAN PEN PVT. LTD.,2434,20220706082434,Importer,Rejected
2022-07-06T17:55:01,BRIGHTWAY INDUSTRIES,BRIGHTWAY INDUSTRIES,2446,20220706082446,Importer,Rejected
2022-07-08T15:53:13,Noni Toys Gifts,Noni Toys Gifts,2497,20220708082497,Importer,Rejected
2022-07-11T21:05:00,PAPER N MORE,PAPER N MORE,2622,20220711082622,Importer,Rejected
2022-07-14T15:28:06,Nueve Enterprises Private Limited,NEFLOR,2671,20220714082671,Importer,Rejected
2022-07-12T20:37:58,RAJESH JAIN,TAPO DHANI INTERNATIONAL,2693,20220712082693,Importer,Rejected
2022-07-12T19:52:55,RAM NIWAS JAIN,SHREE CHANDA INTERNATIONAL,2689,20220712082689,Importer,Rejected
2022-07-12T20:03:43,GAURAV JAIN,NAVKAR IMPEX,2691,20220712082691,Importer,Rejected
2022-07-13T13:54:08,RAHUL GUPTA,TRIVENI IMPEX,2713,20220713082713,Importer,Rejected
2022-07-13T23:04:17,IQBAL RAZA,HIKMA TRADERS,2744,20220713082744,Importer,Rejected
2022-07-14T13:59:07,NITIN INTERNATIONAL,NITIN INTERNATIONAL,2767,20220714082767,Importer,Rejected
2022-07-14T11:07:33,Balaji Chemicals,Balaji Chemicals,2749,20220714082749,Importer,Rejected
2022-07-14T22:50:24,PRATHAM INTERNATIONAL,PRATHAM INTERNATIONAL,2808,20220714082808,Importer,Rejected
2022-07-16T15:16:50,J.D. INDUSTRIES,J.D. INDUSTRIES,2813,20220716082813,Importer,Rejected
2022-07-17T15:08:46,AYUSH SINGLA,KRISHNA POLYMERS,2927,20220717082927,Importer,Rejected
2022-07-16T17:12:23,M K TRADING COMPANY,M K TRADING COMPANY,2908,20220716082908,Importer,Rejected
2022-07-16T16:20:02,NISHA GUPTA,SHREE BAJRANG IMPEX,2909,20220716082909,Importer,Rejected
2022-07-18T15:47:34,GIRIRAJ JI ENTERPRISES,GIRIRAJ JI ENTERPRISES,2979,20220718082979,Importer,Rejected
2022-07-18T14:25:51,SRI R & M IMPEX,SRI R & M IMPEX,2966,20220718082966,Importer,Rejected
2022-07-18T16:18:52,AVG PAPERS,AVG PAPERS,2986,20220718082986,Importer,Rejected
2022-07-23T13:41:38,ANGAD INC,ANGAD INC,3263,20220723083263,Importer,Rejected
2022-07-19T16:58:41,ADINATH ENTERPRISES,ADINATH ENTERPRISES,3064,20220719083064,Importer,Rejected
2022-07-20T14:11:30,NAAZ PLASTIC,NAAZ PLASTIC,3112,20220720083112,Importer,Rejected
2022-07-25T12:28:05,MARUTI FLEX PVT LTD,MARUTI FLEX PVT LTD,3290,20220725083290,Importer,Rejected
2022-07-21T11:51:39,M/s HARDIK PAPERS,M/s HARDIK PAPERS,3136,20220721083136,Importer,Rejected
2022-07-23T15:56:27,GARVIT INTERNATIONAL,GARVIT INTERNATIONAL,3266,20220723083266,Importer,Rejected
2022-07-23T17:48:26,PRAGATI PAPER ENTERPRISES,PRAGATI PAPER ENTERPRISES,3271,20220723083271,Importer,Rejected
2022-07-25T15:01:45,SHAGUN TRADING COMPANY,SHAGUN TRADING COMPANY,3311,20220725083311,Importer,Rejected
2022-07-26T07:33:09,QUALITY EXPRESS GROUP,A BABY CHERRY,3351,20220726083351,Importer,Rejected
2022-07-27T18:27:43,Essentra Tapes India Private Limited,Essentra Tapes India Private Limited,3455,20220727083455,Importer,Rejected
2022-07-28T14:40:24,Essentra (India) Private Limited,Essentra (India) Private Limited,3506,20220728083506,Importer,Rejected
2022-08-05T13:05:46,SANDEEP GOEL,QUALITY PAPERS,4073,20220805084073,Importer,Rejected
2022-08-06T15:08:21,HUNDIA INFOSOLUTIONS PRIVATE LIMITED,HUNDIA INFOSOLUTIONS PRIVATE LIMITED,4216,20220806084216,Importer,Rejected
2022-08-16T12:14:37,Acme Generics Private Limited,Acme Generics Private Limited,4564,20220816084564,Importer,Rejected
2022-08-17T18:01:18,SSR COSMETICS,SSR COSMETICS,4680,20220817084680,Importer,Rejected
2022-08-29T13:49:42,VISHAL JAIN,EZEE PLATES,5031,20220829085031,Importer,Rejected
2022-08-27T14:38:42,Shahid Ahmed,Sunrise Enterprise,5079,20220827085079,Importer,Rejected
2022-08-27T15:27:18,Sunita Theresa Kharbyngar,S.K.Traders,5082,20220827085082,Importer,Rejected
2022-08-28T14:46:23,PARIMAL JAYSUKHBHAI GOTI,MARUTI POLY TRADE,5109,20220828085109,Importer,Rejected
2022-09-01T15:45:00,PRIME POLYCHEM PRIVATE LIMITED,PRIME POLYCHEM PRIVATE LIMITED,5321,20220901085321,Importer,Rejected
2022-09-03T12:55:43,SUYOG EXIM PRIVATE LIMITED,SUYOG EXIM PRIVATE LIMITED,5412,20220903085412,Importer,Rejected
2022-09-03T18:45:07,THE SHINING TABLE,THE SHINING TABLE,6992,20220903086992,Importer,Rejected
2022-09-06T17:54:20,HINDUSTAN GLASS WORKS LIMITED,HINDUSTAN GLASS WORKS LIMITED,5517,20220906085517,Importer,Rejected
2022-09-08T15:14:07,KENDA FARBEN INDIA PVT LTD,KENDA FARBEN,5615,20220908085615,Importer,Rejected
2022-09-08T16:29:11,"Maxima Solutions,Asangoan","Maxima Solutions,Asangaon",5628,20220908085628,Importer,Rejected
2022-09-14T16:06:46,RAMAMOORTHY BALAMURUGAN,SREE KRISHNA INTERNATIONAL,7080,20220914087080,Importer,Rejected
2022-09-16T13:58:58,AGROMECH INDUSTRIES,AGRO MECH INDUSTRIES,7271,20220916087271,Importer,Rejected
2022-09-20T16:35:44,Sanmati Enterprises,Sanmati Enterprises,544800089,2022092008544800089,Importer,Rejected
2022-09-20T17:38:50,JSP LIFESTYLE HOME SOLUTIONS PVT LTS,JSP,544800099,2022092008544800099,Importer,Rejected
2022-09-20T17:43:32,SHREE NAINA POLYMERS INC,SHREE NAINA POLYMERS INC,544800100,2022092008544800100,Importer,Rejected
2022-09-21T11:13:37,MOREPEN LABORATORIES LIMITED,DRMOREPEN,544800123,2022092108544800123,Importer,Rejected
2022-09-22T12:30:21,KDCEMENTS,CEMENT GRINDING AND PACKING UNIT,544800219,2022092208544800219,Importer,Rejected
2022-09-23T14:58:05,AMBERTEX UNIVERSAL EXPORT,AMBERTEX UNIVERSAL EXPORT,544800308,2022092308544800308,Importer,Rejected
2022-10-08T15:03:17,euroking silicone industry,EUROKING SILICONE INDUSTRY,544800928,2022100808544800928,Importer,Rejected
2022-10-08T17:33:13,R V FABS,R V FABS,544800936,2022100808544800936,Importer,Rejected
2022-10-11T16:27:11,Monika Batra,Shri Swastik Enterprises,544801037,2022101108544801037,Importer,Rejected
2022-10-12T18:02:29,Vardhman plastics,Vardhman plastics,544801122,2022101208544801122,Importer,Rejected
2022-10-17T16:15:36,SVP PACKING INDUSTRY PRIVATE LIMITED,SVP PACKING INDUSTRY PRIVATE LIMITED,544801361,2022101708544801361,Importer,Rejected
2022-10-18T13:09:37,AMAN BEHL,A-KAY INTERNATIONAL,544801402,2022101808544801402,Importer,Rejected
2022-10-20T11:25:11,JCB POWER PRODUCTS INDIA PRIVATE LIMITED,JCB POWER PRODUCTS INDIA PRIVATE LIMITED,544801508,2022102008544801508,Importer,Rejected
2022-10-26T08:33:50,Siddharth Virmani,VB Consultants,544801648,2022102608544801648,Importer,Rejected
2022-10-29T12:22:52,Gunjan Jewelry Pvt Ltd,Gunjan Jewelry Pvt Ltd,544801747,2022102908544801747,Importer,Rejected
2022-10-29T12:34:39,Pranda Jewelry Pvt Ltd,Pranda Jewelry Pvt Ltd,544801748,2022102908544801748,Importer,Rejected
2022-10-29T13:46:04,Empire Tobacco Company Private Limited,Empire Tobacco Company Private Limited,544801752,2022102908544801752,Importer,Rejected
2022-10-31T10:24:15,ROSHINI IMPEX,ROSHINI IMPEX,544801782,2022103108544801782,Importer,Rejected
2022-11-01T10:43:48,AVANTI EXIM INDIA PRIVATE LIMITED,AVANTI EXIM INDIA PRIVATE LINITED,544801831,2022110108544801831,Importer,Rejected
2022-11-01T14:43:50,ATUL MITTAL,DAKSH PAPER MART,544801854,2022110108544801854,Importer,Rejected
2022-11-04T00:53:21,GEVVO RESOURCES PRIVATE LIMITED,GEVVO RESOURCES PRIVATE LIMITED,544801996,2022110408544801996,Importer,Rejected
2022-11-08T14:29:54,"Orpac Systems Pvt Ltd,",Orpac,544802179,2022110808544802179,Importer,Rejected
2022-11-14T12:08:03,UMASON PAPER PRIVATE LIMITED,UMASON PAPER PRIVATE LIMITED,544802453,2022111408544802453,Importer,Rejected
2022-11-14T13:00:25,NAB CATERERS,NAB CATERERS,544802462,2022111408544802462,Importer,Rejected
2022-11-15T12:01:05,Hitachi Energy India Limited,Hitachi Energy India Limited,544802530,2022111508544802530,Importer,Rejected
2022-11-21T13:02:22,RANGEELA FASHIONS PRIVATE LIMITED,RANGEELA FASHIONS PRIVATE LIMITED,544802767,2022112108544802767,Importer,Rejected
2022-11-21T13:47:05,KEDIA TRENDZ LIMITED,KEDIA TRENDZ LIMITED,544802771,2022112108544802771,Importer,Rejected
2022-11-29T17:41:42,PAYAL PRAGNESH TARAPARA,PACHIBA ENTERPRISE,544803020,2022112908544803020,Importer,Rejected
2022-11-29T18:03:31,LENSKART SOLUTIONS PRIVATE LIMITED,Lenskart Solutions Private Limited,544803019,2022112908544803019,Importer,Rejected
2022-12-06T16:17:08,DEV ABRASIVE PRIVATE LIMITED,DEV ABRASIVE PRIVATE LIMITED,544803306,2022120608544803306,Importer,Rejected
2022-12-09T12:18:47,RAMESH KUMAR SINGH,STICKOVER ELECTRONICS,544803362,2022120908544803362,Importer,Rejected
2022-12-12T11:56:33,AURIC TECHNO SERVICES PRIVATE LIMITED,AURIC TECHND SERVICES PVT LTD,544803448,2022121208544803448,Importer,Rejected
2022-12-23T16:31:37,SURINDER SINGH,ASHMEET ENTERPRISES,544804141,2022122308544804141,Importer,Rejected
2022-12-28T13:40:15,MAA LUXMI E-VEHICLES PRIVATE LIMITED,Maa Luxmi E-Vehicles Private Limited,544804371,2022122808544804371,Importer,Rejected
2022-12-30T17:07:08,EVERUP BATTERY INDIA PRIVATE LIMITED,EVERUP BATTERY INDIA PVT LTD,544804909,2022123008544804909,Importer,Rejected
2023-01-02T11:33:45,FARIDA CLASSIC SHOES PRIVATE LIMITED,FARIDA CLASSIC SHOES PRIVATE LIMITED,544804596,2023010208544804596,Importer,Rejected
2023-01-02T15:23:05,NITREX CHEMICALS INDIA LIMITED,Nitrex Chemicals India Limited,544804717,2023010208544804717,Importer,Rejected
2023-01-05T19:29:33,LESSO BUILDTECH PRIVATE LIMITED,LESSO BUILDTECH PVT LTD,544804901,2023010508544804901,Importer,Rejected
2023-01-05T19:48:31,Coral exports,Coral Exports,544805219,2023010508544805219,Importer,Rejected
2023-01-09T15:39:57,KAUSHIK RAJ,KAUSHIK ENTERPRISES,544805048,2023010908544805048,Importer,Rejected
2023-01-12T17:40:36,Jaychan Enterprises,Jaychan Enterprises,544805672,2023011208544805672,Importer,Rejected
2023-01-16T14:11:10,KONICA MINOLTA BUSINESS SOLUTIONS INDIA PRIVATE LIMITED,KONICA MINOLTA BUSINESS SOLUTIONS INDIA PVT. LTD.,544805478,2023011608544805478,Importer,Rejected
2023-01-17T12:02:18,PROFINE INDIA WINDOW TECHNOLOGY PRIVATE LIMITED,PROFINE INDIA WINDOW TECHNOLOGY PRIVATE LIMITED,544805521,2023011708544805521,Importer,Rejected
2023-01-19T14:42:42,ACCENTURE OPERATIONS SERVICES PRIVATE LIMITED,ITES,544805709,2023011908544805709,Importer,Rejected
2023-01-23T12:10:48,HIMALAYA POLYFLEX,HIMALAYA POLYFLEX,544805884,2023012308544805884,Importer,Rejected
2023-01-23T12:14:51,GULAMABBAS MOHMEDHUSSAIN MERCHANT,UNITED METALS IMPORTS,544805886,2023012308544805886,Importer,Rejected
2023-01-24T16:32:21,NUCARE POLY LAMINATES,NUCARE POLY LAMINATES,544805980,2023012408544805980,Importer,Rejected
2023-01-25T17:44:47,DREAMCLAPS INFINITY,DREAMCLAPS INFINITY,544806064,2023012508544806064,Importer,Rejected
2023-01-25T19:06:40,ALPS ELECTRIC (INDIA) PRIVATE LIMITED,ALPS ELECTRIC (INDIA) PVT. LTD.,544806089,2023012508544806089,Importer,Rejected
2023-01-27T17:16:17,VINOD MEHTA,MAHAVIR TRADING COMPANY,544806397,2023012708544806397,Importer,Rejected
2023-02-04T16:15:15,CAMOUFLAGE,CAMOUFLAGE,544806493,2023020408544806493,Importer,Rejected
2023-02-09T20:37:47,PODDAR PIGMENTS LIMITED,PODDAR PIGMENTS LIMITED,544806773,2023020908544806773,Importer,Rejected
2023-02-10T14:18:46,S K EXPORTS,S K EXPORTS,544806888,2023021008544806888,Importer,Rejected
2023-02-10T16:29:08,ARCHIDPANEL INDUSTRIES PRIVATE LIMITED,Archidpanel Industries Pvt Ltd,544806873,2023021008544806873,Importer,Rejected
2023-02-12T18:04:25,ONKAR SINGH RAI,TAKDEER OVERSEAS,544807054,2023021208544807054,Importer,Rejected
2023-02-13T22:21:15,INTERNATIONAL SPECIALTY PRODUCTS (INDIA) PRIVATE LIMITED,INTERNATIONAL SPECIALTY PRODUCTS (INDIA) PRIVATE LTD,544807214,2023021308544807214,Importer,Rejected
2023-02-14T10:57:49,CHENGUANG BIO-TECH (INDIA) PRIVATE LIMITED,CHENGUANG BIO-TECH (INDIA) PRIVATE LIMITED,544807226,2023021408544807226,Importer,Rejected
2023-02-14T12:24:56,Prem Dugal,Quest Merchants,544807249,2023021408544807249,Importer,Rejected
2023-02-14T12:54:26,CALCO ENTERPRISES,CALCO ENTERPRISES,544807380,2023021408544807380,Importer,Rejected
2023-02-14T14:02:42,ANKUR ENTERPRISES,ANKUR ENTERPRISES,544807293,2023021408544807293,Importer,Rejected
2023-02-15T01:13:55,S.MOHAMMED SHAN,GREENWAY ENTERPRISES,544807777,2023021508544807777,Importer,Rejected
2023-02-15T11:46:02,CHEMDIST PROCESS SOLUTIONS PRIVATE LIMITED,CHEMDIST PROCESS SOLUTIONS PRIVATE LIMITED,544807394,2023021508544807394,Importer,Rejected
2023-02-15T13:21:57,SHAH LAXMINARAYAN SATISHCHANDRA EXIM PRIVATE LIMITED,SHAH LAXMINARAYAN SATISHCHANDRA EXIM PRIVATE LIMITED,544807423,2023021508544807423,Importer,Rejected
2023-02-16T17:19:18,OPALKEM,OPALKEM,544807734,2023021608544807734,Importer,Rejected
2023-02-17T10:09:34,S3 SURFACES INDIA PRIVATE LIMITED,S3 SURFACES INDIA PRIVATE LIMITED,544807785,2023021708544807785,Importer,Rejected
2023-02-17T11:45:09,LEPRO HERBALS PRIVATE LIMITED,Lepro Herbals Private Limited,544807804,2023021708544807804,Importer,Rejected
2023-02-18T15:46:21,AJAY INDUSTRIAL CORPORATION LIMITED.,Ajay Industrial Corporation Limited,544808028,2023021808544808028,Importer,Rejected
2023-02-20T15:55:03,E,ESS ESS HEALTH CARE,544808197,2023022008544808197,Importer,Rejected
2023-02-23T17:53:53,FRUT X INDUSTRIES,FRUT X INDUSTRIES,544808867,2023022308544808867,Importer,Rejected
2023-02-24T10:29:20,S,SHIDOPHARMA,544808936,2023022408544808936,Importer,Rejected
2023-02-25T12:35:34,IMMORTECH PRIVATE LIMITED,IMMORTECH PRIVATE LIMITED,544809176,2023022508544809176,Importer,Rejected
2023-02-25T12:55:45,KAULMED PRIVATE LIMITED,Kaulmed,544809612,2023022508544809612,Importer,Rejected
2023-02-25T21:39:51,LAKME TRADERS,LAKME TRADERS,544809394,2023022508544809394,Importer,Rejected
2023-02-27T14:17:29,ANAND NVH PRODUCTS PRIVATE LIMITED,ANAND NVH PRODUCTS PRIVATE LIMITED,544809462,2023022708544809462,Importer,Rejected
2023-02-27T14:21:29,BALLAA INDUSTRIES PRIVATE LIMITED,BALLAA INDUSTRIES PRIVATE LIMITED,544809456,2023022708544809456,Importer,Rejected
2023-02-28T11:10:55,ESCORTS KUBOTA INDIA PRIVATE LIMITED,Escorts Kubota India Private Limited,544809762,2023022808544809762,Importer,Rejected
2023-02-28T11:17:15,CAMFIL INDIA PRIVATE LIMITED,CAMFIL INDIA PRIVATE LIMITED,544810450,2023022808544810450,Importer,Rejected
2023-02-28T12:22:18,BORGWARNER INDIA PRIVATE LIMITED,BorgWarner India Private Limited,544809724,2023022808544809724,Importer,Rejected
2023-03-01T08:51:28,EXGELO EXPORTS,EXGELO EXPORTS,544809910,2023030108544809910,Importer,Rejected
2023-03-01T14:39:58,SATYAM TRADE INDUSTRIES PRIVATE LIMITED,satyam trade industries pvt ltd,544810033,2023030108544810033,Importer,Rejected
2023-03-01T14:55:45,MAABASANTI AGRITECH FOOD PRODUCT PRIVATELIMITED,MAABASANTI AGRITECH FOOD PRODUCT PRIVATE LIMITED,544810044,2023030108544810044,Importer,Rejected
2023-03-01T16:00:35,EPICU BEVERAGES PRIVATE LIMITED,EPICU BEVERAGES PRIVATE LTD,544810085,2023030108544810085,Importer,Rejected
2023-03-02T15:27:36,MOKSHIT MEDICARE PRIVATE LIMITED,MOKSHIT MEDICARE PRIVATE LIMITED,544810323,2023030208544810323,Importer,Rejected
2023-03-02T15:30:54,A,IBRAHIM FISHING TACKLE,544810332,2023030208544810332,Importer,Rejected
2023-03-03T11:31:58,LEON FOOD PRODUCTS PRIVATE LIMITED,M/S LEON FOOD PRODUCTS PRIVATE LIMITED,544810482,2023030308544810482,Importer,Rejected
2023-03-03T15:48:49,INDEUS LIFE SCIENCES PRIVATE LIMITED,INDEUS LIFE SCIENCES PRIVATE LIMITED,544810614,2023030308544810614,Importer,Rejected
2023-03-03T16:58:38,PYRAMID TECHNOPLAST PRIVATE LIMITED,PYRAMID TECHNOPLAST PVT LTD,544810652,2023030308544810652,Importer,Rejected
2023-03-03T17:05:10,SHREE NIL CRACKERS PRIVATE LIMITED,Shree Nil Crackers Pvt. Ltd.,544810663,2023030308544810663,Importer,Rejected
2023-03-04T11:27:10,BEENA MAHESH RAIGAGLA,BEENA AUTO ACCESSORIES,544810774,2023030408544810774,Importer,Rejected
2023-03-04T14:51:56,PYRAMID TECHNOPLAST PRIVATE LIMITED,PYRAMID TECHNOPLAST PVT LTD,544810890,2023030408544810890,Importer,Rejected
2023-03-04T16:39:17,PYRAMID TECHNOPLAST PRIVATE LIMITED,PYRAMID TECHNOPLAST PVT LTD,544810928,2023030408544810928,Importer,Rejected
2023-03-06T14:09:33,JETCOOL BIOCHEMICAL TECHNOLOGY LLP,Jetcool Biochemical Technology LLP,544811105,2023030608544811105,Importer,Rejected
2023-03-06T16:23:37,NALCO WATER INDIA PRIVATE LIMITED,NALCO WATER INDIA PRIVATE LIMITED,544811154,2023030608544811154,Importer,Rejected
2023-03-08T14:37:15,GAINMAX FERROCAST PRIVATE LIMITED,GAINMAX FERROCAST PRIVATE LIMITED,544811531,2023030808544811531,Importer,Rejected
2023-03-08T18:20:42,RAJ ENTERPRISES,RAJ ENTERPRISES,544811416,2023030808544811416,Importer,Rejected
2023-03-09T10:59:19,SHAKTI POLYWEAVE PRIVATE LIMITED,SHAKTI POLYWEAVE PVT LTD,544811436,2023030908544811436,Importer,Rejected
2023-03-10T11:35:16,SHAKTI TECHTEX PRIVATE LIMITED,SHAKTI TECHTEX PRIVATE LIMITED,544848146,2023031008544848146,Importer,Rejected
2023-03-10T12:42:12,VIN PLASTICIZERS PRIVATE LIMITED,VIKRAM PLASTICIZERS,544816927,2023031008544816927,Importer,Rejected
2023-03-10T16:29:58,PRANAV CHOUDHARY,KRISHNA INDUSTRIES,544811885,2023031008544811885,Importer,Rejected
2023-03-11T14:50:39,A,SHREE SIDDHI VINAYAK RUDRAKSHA,544812113,2023031108544812113,Importer,Rejected
2023-03-11T17:21:54,POLYPLASTICS MARKETING (INDIA) PRIVATE LIMITED,POLYPLASTICS MARKETING (INDIA) PRIVATE LIMITED,544812200,2023031108544812200,Importer,Rejected
2023-03-13T11:43:34,MEDICOM INTERNATIONAL EYETECH PRIVATE LIMITED,Medicom International Eyetech Private Limited,544812327,2023031308544812327,Importer,Rejected
2023-03-13T16:02:10,VKG TEXTILES PRIVATE LIMITED,VKG TEXTILES PRIVATE LIMITED,544812495,2023031308544812495,Importer,Rejected
2023-03-13T16:24:03,SDG TEXTILES PRIVATE LIMITED,SDG TEXTILES PRIVATE LIMITED,544812919,2023031308544812919,Importer,Rejected
2023-03-13T17:27:52,GOODYEAR INDIA LIMITED,GOODYEAR INDIA LIMITED,544812529,2023031308544812529,Importer,Rejected
2023-03-13T17:32:37,KAUSHAL ANIL SHAH HUF,CHEM INTERNATIONAL,544812537,2023031308544812537,Importer,Rejected
2023-03-13T17:36:27,F S INTERNATIONAL,F S INTERNATIONAL,544812540,2023031308544812540,Importer,Rejected
2023-03-14T10:58:56,ECONOMIC EXPLOSIVES LIMITED,ECONOMIC EXPLOSIVES LIMITED,544812619,2023031408544812619,Importer,Rejected
2023-03-14T12:32:59,PRINTEC INDUSTRIES,PRINTEC INDUSTRIES,544812684,2023031408544812684,Importer,Rejected
2023-03-14T13:30:38,GARDEN TEXTILES PRIVATE LIMITED,GARDEN TEXTILES PRIVATE LIMITED,544812706,2023031408544812706,Importer,Rejected
2023-03-14T17:04:38,TRP SEALING SYSTEMS (INDIA) PRIVATE LIMITED,TRP SEALING SYSTEMS (INDIA) PVT LTD,544812846,2023031408544812846,Importer,Rejected
2023-03-14T20:51:55,Aloke Kumar Mumkim,Mumkin Impex,544812889,2023031408544812889,Importer,Rejected
2023-03-15T11:09:44,R,Saptagiri consultants,544816891,2023031508544816891,Importer,Rejected
2023-03-15T12:12:47,PARAMOUNT BED INDIA PRIVATE LIMITED,PARAMOUNT BED INDIA PRIVATE LIMITED,544812982,2023031508544812982,Importer,Rejected
2023-03-15T14:22:09,PULMONIX HEALTHCARE PRIVATE LIMITED,PULMONIX HEALTHCARE PRIVATE LIMITED,544813085,2023031508544813085,Importer,Rejected
2023-03-15T14:46:31,GLOBAL SS BEAUTY BRANDS LIMITED,Global SS Beauty Brands Limited,544813054,2023031508544813054,Importer,Rejected
2023-03-16T17:15:02,ALPINE SHOES PRIVATE LIMITED,Alpine shoes Pvt Ltd,544813477,2023031608544813477,Importer,Rejected
2023-03-17T12:26:16,S M ENTERPRISES,S M ENTERPRISES,544813609,2023031708544813609,Importer,Rejected
2023-03-17T13:51:15,PORE INDUSTRIES,PORE INDUSTRIES,544813645,2023031708544813645,Importer,Rejected
2023-03-17T15:17:10,A,DALMIA GLOBAL,544813675,2023031708544813675,Importer,Rejected
2023-03-18T16:13:09,GOPAL INTERNATIONAL,GOPAL INTERNATIONAL,544814044,2023031808544814044,Importer,Rejected
2023-03-18T16:24:25,DILIP KUMAR JAIN(HUF),GOPAL OVERSEAS IMPEX,544814052,2023031808544814052,Importer,Rejected
2023-03-20T09:43:53,ACME TOOLS,ACME TOOLS,544814148,2023032008544814148,Importer,Rejected
2023-03-20T11:05:52,JSN Surgicals,JSN Surgicals,544814163,2023032008544814163,Importer,Rejected
2023-03-21T12:53:10,MITSUI PRIME ADVANCED COMPOSITES INDIA PRIVATE LIMITED,MITSUI PRIME ADVANCED COMPOSITES INDIA PRIVATE LIMITED,544814514,2023032108544814514,Importer,Rejected
2023-03-21T13:42:10,LEMIPACK POLYFILM LLP,LEMIPACK POLYFILM LLP,544814537,2023032108544814537,Importer,Rejected
2023-03-22T18:17:07,SOJITZ INDIA PRIVATE LIMITED,SOJITZ INDIA PRIVATE LIMITED,544814954,2023032208544814954,Importer,Rejected
2023-03-23T13:04:51,INDIAN SYNTHETIC RUBBER PRIVATE LIMITED,INDIAN SYNTHETIC RUBBER PRIVATE LIMITED,544815075,2023032308544815075,Importer,Rejected
2023-03-24T15:34:19,RAJVI CHEMICAL CORPORATION LLP,RAJVI CHEMICAL CORPOMTION LLP,544815552,2023032408544815552,Importer,Rejected
2023-03-24T18:02:07,GOPAL AUTO MOTORS PRIVATE LIMITED,Gopal Auto Motors Pvt Ltd,544815601,2023032408544815601,Importer,Rejected
2023-03-25T09:37:42,AGRAWAL RENEWABLE ENERGY PRIVATE LIMITED,AGRAWAL RENEWABLE ENERGY PRIVATE LIMITED,544815647,2023032508544815647,Importer,Rejected
2023-03-25T16:20:51,MADHURI SUNIL KHUNTE,RUCHA ENTERPRISES,544815818,2023032508544815818,Importer,Rejected
2023-03-27T12:34:49,LUMAX INDUSTRIES LIMITED,LUMAX INDUSTRIES LIMITED,544815989,2023032708544815989,Importer,Rejected
2023-03-27T15:46:43,M J CORPORATION,M J CORPORATION,544816092,2023032708544816092,Importer,Rejected
2023-03-28T18:47:10,T,TEMPCOOL SHIPPER,544816493,2023032808544816493,Importer,Rejected
2023-03-29T15:22:27,N R Agarwal Industries Ltd.,N R AGARWAL INDUSTRIES LIMITED,544816735,2023032908544816735,Importer,Rejected
2023-03-30T17:18:00,IPM INDIA WHOLESALE TRADING PRIVATE LIMITED,IPM INDIA WHOLESALE TRADING PRIVATE LIMITED,544817131,2023033008544817131,Importer,Rejected
2023-03-31T13:43:46,Bhawna Aggarwal,Freight Zen India,544817347,2023033108544817347,Importer,Rejected
2023-03-31T16:07:01,TECHNOPLAST PACKAGING PRIVATE LIMITED,TECHNOPLAST PACKAGING PRIVATE LIMITED,544817439,2023033108544817439,Importer,Rejected
2023-03-31T17:03:34,V,VINSPRI DISTRIBUTORS PRIVATE LIMITED,544817490,2023033108544817490,Importer,Rejected
2023-03-31T20:57:48,BLOW CAN INDUSTRIES,BLOW CAN INDUSTRIES-UNIT 2,544817603,2023033108544817603,Importer,Rejected
2023-04-03T15:10:27,S J FUTURISTIC ENTERPRISES LLP,S J FUTURISTIC ENTERPRISES LLP,544817954,2023040308544817954,Importer,Rejected
2023-04-05T16:24:14,NOVUS HI-TECH ROBOTIC SYSTEMZ PRIVATE LIMITED,NOVUS HI-TECH ROBOTIC SYSTEMZ PRIVATE LIMITED,544818220,2023040508544818220,Importer,Rejected
2023-04-07T13:11:41,Wavin India Holding Private Limited,Wavin India Holding Private Limited,544820035,2023040708544820035,Importer,Rejected
2023-04-11T13:27:43,MOHAN CLOTHING CO PVT LTD,BLACKBERRYS,544819380,2023041108544819380,Importer,Rejected
2023-04-11T17:26:55,S,SUCHEM INTERNATIONAL,544819477,2023041108544819477,Importer,Rejected
2023-04-11T17:39:15,Ganesh Krishnadas Shenoy,S.G.HEALTHCARE,544819487,2023041108544819487,Importer,Rejected
2023-04-12T10:41:04,MANISH HIRJI KHIMASIA,STAR EXPORTS,544820963,2023041208544820963,Importer,Rejected
2023-04-12T15:48:32,Bio State Inc.,Bio State Inc,544819721,2023041208544819721,Importer,Rejected
2023-04-13T18:55:16,A V CHEMICAL,importer,544820165,2023041308544820165,Importer,Rejected
2023-04-14T16:08:18,MULTIQUIP INDIA PVT LTD,MULTIQUIP (INDIA) PRIVATE LIMITED,544820344,2023041408544820344,Importer,Rejected
2023-04-15T16:49:09,ORION NUTRITIONALS PRIVATE LIMITED,ORION NUTRITIONALS PRIVATE LIMITED,544830066,2023041508544830066,Importer,Rejected
2023-04-17T13:16:00,VKNP DESIGNS PRIVATE LIMITED,VKNP DESIGNS PRIVATE LIMITED,544820750,2023041708544820750,Importer,Rejected
2023-04-18T10:36:29,M/S. Shri Polysteel Pvt. Ltd.,SHRI POLYSTEEL PRIVATE LIMITED,544820988,2023041808544820988,Importer,Rejected
2023-04-18T10:39:21,MALHOTRA CABLES PRIVATE LIMITED,MALHOTRA CABLES PRIVATE LIMITED,544820960,2023041808544820960,Importer,Rejected
2023-04-19T12:01:11,Indian Plastic Footwear and Clothing Private Limited,INDIAN PLASTIC FOOTWEAR AND CLOTHING PRIVATE LIMITED,544821301,2023041908544821301,Importer,Rejected
2023-04-19T15:22:25,SAPANA POLYWEAVE PVT LTD,SAPANA POLYWEAVE PRIVATE LIMITED,544821418,2023041908544821418,Importer,Rejected
2023-04-19T18:37:32,ALLROUND (INDIA) VEGETABLE PROCESSING MACHINES PVT LTD,ALLROUND (INDIA) VEGETABLE PROCESSING MACHINES PRIVATE LIMITED,544821518,2023041908544821518,Importer,Rejected
2023-04-23T18:47:28,MD ASHRAF,ASHA GLASS & HARDWARE,544822244,2023042308544822244,Importer,Rejected
2023-04-24T15:25:35,PV ENGINEERING ASSOCIATES PVT LTD,P.V. ENGINEERING ASSOCIATES PRIVATE LIMITED,544822459,2023042408544822459,Importer,Rejected
2023-04-25T15:51:23,JAMES SEKAR,Mermaid Swimming Pools/Master Plan/M5/Magic/Monsoon,544822590,2023042508544822590,Importer,Rejected
2023-04-26T12:36:03,ARB BEARINGS LIMITED,A R B BEARINGS LIMITED,544822801,2023042608544822801,Importer,Rejected
2023-04-26T12:40:38,SETHIA SYNDICATE,SETHIA SYNDICATE,544822802,2023042608544822802,Importer,Rejected
2023-04-26T13:55:40,TEIJIN INDIA PRIVATE LIMITED,TEIJIN INDIA PRIVATE LIMITED,544822854,2023042608544822854,Importer,Rejected
2023-04-27T09:44:11,Ashok Textile Mills Pvt Ltd,ASHOK TEXTILE MILLS PRIVATE LIMITED,544823080,2023042708544823080,Importer,Rejected
2023-04-27T15:01:02,NIKKISO COSMODYNE INDIA PRIVATE LIMITED,NIKKISO COSMODYNE INDIA PRIVATE LIMITED,544823811,2023042708544823811,Importer,Rejected
2023-04-28T09:13:51,COSMIC TRENDS PRIVATE LIMITED,COSMIC TRENDS PRIVATE LIMITED,544823371,2023042808544823371,Importer,Rejected
2023-04-28T16:16:58,FAS INTERNATIONAL,FAS INTERNATIONAL,544823548,2023042808544823548,Importer,Rejected
2023-05-03T12:11:15,DUREE DESIGNS PRIVATE LIMITED,DUREE DESIGNS PRIVATE LIMITED,544824302,2023050308544824302,Importer,Rejected
2023-05-04T10:50:40,LANYA CHEM INDUSTRIES PRIVATE LIMITED,LANYA CHEM INDUSTRIES PRIVATE LIMITED,544824540,2023050408544824540,Importer,Rejected
2023-05-05T14:50:32,ROHIT GUPTA,M/S FOAMTECH ANTIFIRE COMPANY,544824857,2023050508544824857,Importer,Rejected
2023-05-06T10:51:58,AUROVILLE FOUNDATION,MAROMA,544824999,2023050608544824999,Importer,Rejected
2023-05-06T12:16:42,KABIR LEATHERS,Kabir Leathers,544825034,2023050608544825034,Importer,Rejected
2023-05-08T15:10:29,SUPER GOLD SUITINGS PRIVATE LIMITED,SUPER GOLD SUITINGS PRIVATE LIMITED,544825308,2023050808544825308,Importer,Rejected
2023-05-09T11:44:16,SWIMWELL,SWIMWELL,544825479,2023050908544825479,Importer,Rejected
2023-05-09T11:50:52,GAUTAM BANSAL,D R LAB GLASSWARE AND CHEMICALS,544825465,2023050908544825465,Importer,Rejected
2023-05-09T12:50:47,NAVITASYS INDIA PRIVATE LIMITED,NAVITASYS INDIA PRIVATE LIMITED,544825502,2023050908544825502,Importer,Rejected
2023-05-09T13:41:20,ASHOK KUMAR,RN CHEMICALS,544825512,2023050908544825512,Importer,Rejected
2023-05-09T14:58:17,VIJAI DENTAL DEPOT PVT LTD,VIJAI DENTAL DEPOT PRIVATE LIMITED,544825543,2023050908544825543,Importer,Rejected
2023-05-10T10:35:59,JAGMOHAN PLA MACH PVT LTD,JAGMOHAN PLA-MACH PRIVATE LIMITED,544828234,2023051008544828234,Importer,Rejected
2023-05-10T17:31:31,ADVANCED MICRODEVICES PRIVATE LIMITED,ADVANCED MICRODEVICES PRIVATE LIMITED,544825836,2023051008544825836,Importer,Rejected
2023-05-11T21:04:35,KAALA CHIRAG GENERAL TRADING COMPANY,KAALA CHIRAG GENERAL TRADING COMPANY,544826099,2023051108544826099,Importer,Rejected
2023-05-16T15:59:29,Shri  CHETTIAGOUNDER PONMALAI,vagai corporation,544826860,2023051608544826860,Importer,Rejected
2023-05-16T16:55:44,M/s   SNIBE DIAGNOSTIC (INDIA) PRIVATE LIMITED,SNIBE DIAGNOSTIC (INDIA) PRIVATE LIMITED,544827040,2023051608544827040,Importer,Rejected
2023-05-17T16:25:53,M/s   BAUSCH & LOMB INDIA PRIVATE LIMITED,Bausch and Lomb India Private Limited,544827132,2023051708544827132,Importer,Rejected
2023-05-18T13:37:07,M/s   AASHNA HANDICRAFTS PRIVATE LIMITED,AASHNA HANDICRAFTS PRIVATE LIMITED,544827318,2023051808544827318,Importer,Rejected
2023-05-22T16:19:49,SHREE RAJ INTERNATIONAL PRIVATE LIMITED,SHREE RAJ INTERNATIONAL PVT. LTD.,544828023,2023052208544828023,Importer,Rejected
2023-05-22T16:30:01,M/s   OM VINYLS PRIVATE LIMITED,OM VINYLS PRIVATE LIMITED,544828025,2023052208544828025,Importer,Rejected
2023-05-27T12:21:12,M/s   TATA INTERNATIONAL LIMITED,TATA INTERNATIONAL LIMITED,544828995,2023052708544828995,Importer,Rejected
2023-05-30T14:28:36,M/s   LIBRA ENTERPRISES,LIBRA ENTERPRISES,544829394,2023053008544829394,Importer,Rejected
2023-06-02T13:43:05,M/s   ALPS DIAGNOSTICS PRIVATE LIMITED,ALPS DIAGNOSTICS PRIVATE LIMITED,544829987,2023060208544829987,Importer,Rejected
2023-06-02T15:21:47,M/s   VIKAS SPOOL PRIVATE LIMITED,VIKAS SPOOL PRIVATE LIMITED,544830026,2023060208544830026,Importer,Rejected
2023-06-02T17:04:50,M/s   RECORDERS AND MEDICARE SYSTEMS PRIVATE LIMITED,RECORDERS & MEDICARE SYSTEMS PRIVATE LIMITED,544830075,2023060208544830075,Importer,Rejected
2023-06-07T13:04:40,M/s   SUPER SHEET INDIA PRIVATE LIMITED,SUPER SHEET (INDIA) PRIVATE LIMITED,544830576,2023060708544830576,Importer,Rejected
2023-06-08T17:45:20,M/s   CALSONIC KANSEI MOTHERSON AUTO PRODUCTS PRIVATE LIMITED,CALSONIC KANSEI MOTHERSON AUTO PRODUCTS PRIVATE LIMITED,544830949,2023060808544830949,Importer,Rejected
2023-06-10T15:29:24,M/s   SARASWATI AGRO CHEMICALS (INDIA) PRIVATE LIMITED,SARASWATI AGRO CHEMICALS (INDIA) PRIVATELIMITED,544831231,2023061008544831231,Importer,Rejected
2023-06-10T15:36:38,M/s   SBP (FOOD & HYGIENE) PRIVATE LIMITED,SBP (FOOD & HYGIENE) PRIVATE LIMITED,544831234,2023061008544831234,Importer,Rejected
2023-06-13T19:20:58,M/s   NARIE CONSTRUCTIONS PRIVATE LIMITED,NARIE CONSTRUCTIONS PRIVATE LIMITED,544831658,2023061308544831658,Importer,Rejected
2023-06-15T10:03:42,M/s   MEMBRANE GROUP INDIA PRIVATE LIMITED,MEMBRANE GROUP INDIA PRIVATE LIMITED,544831840,2023061508544831840,Importer,Rejected
2023-06-20T17:27:55,M/s   ROYALE MARINE IMP EX PRIVATE LIMITED,ROYALE MARINE IMP-EX PRIVATE LIMITED,544832681,2023062008544832681,Importer,Rejected
2023-06-21T12:20:58,Shri  GAURAV MITTAL,TIRUPATI STAINLESS STEEL TRADER,544832770,2023062108544832770,Importer,Rejected
2023-06-24T11:21:25,Shri KUMAR KAMLESH GUPTA,KAMLESH ENTERPRISES,544833297,2023062408544833297,Importer,Rejected
2023-06-26T14:50:49,M/s   DHANUKA LABORATORIES LIMITED,DHANUKA LABORATORIES LIMITED,544833485,2023062608544833485,Importer,Rejected
2023-06-28T15:21:07,M/s   ATHER ENERGY PRIVATE LIMITED,ATHER ENERGY PRIVATE LIMITED,544833842,2023062808544833842,Importer,Rejected
2023-06-28T17:03:54,M/s   ALTIER ELECTRIC VEHICLES PRIVATE LIMITED,ALTIER ELECTRIC VEHICLES PRIVATE LIMITED,544833893,2023062808544833893,Importer,Rejected
2023-06-30T16:29:05,M/s   KHATRI INDUSTRIES PRIVATE LIMITED,KHATRI INDUSTRIES PRIVATE LIMITED,544834203,2023063008544834203,Importer,Rejected
2023-07-01T11:54:03,M/s   NAWAB PRODUCTS PRIVATE LIMITED,NAWAB PRODUCTS PRIVATE LIMITED,544834306,2023070108544834306,Importer,Rejected
2023-07-03T15:59:16,M/s   INTERFACE MICRO SYSTEMS,INTERFACE MICRO SYSTEMS,544834464,2023070308544834464,Importer,Rejected
2023-07-04T14:47:16,M/s   ELEGANT HYGIENE PRIVATE LIMITED,ELEGANT HYGIENE PRIVATE LIMITED,544835253,2023070408544835253,Importer,Rejected
2023-07-06T12:58:03,M/s   SHISH INDUSTRIES LIMITED,SHISH INDUSTRIES LIMITED,544834988,2023070608544834988,Importer,Rejected
2023-07-07T16:08:13,Shri  RAHUL MAINI,SHREE RAM AGENCY,544835197,2023070708544835197,Importer,Rejected
2023-07-07T19:33:39,Shri  VIMAL NAGANPURIYA,Naganpuriya,544835268,2023070708544835268,Importer,Rejected
2023-07-11T13:25:55,Shri  MANOJ WADHWA,RAINBOW INDUSTRIES,544835614,2023071108544835614,Importer,Rejected
2023-07-13T10:15:29,M/s   VKNP DESIGNS PRIVATE LIMITED,VKNP DESIGNS PRIVATE LIMITED,544835926,2023071308544835926,Importer,Rejected
2023-07-13T11:43:35,M/s   FIRE SAFETY DEVICES PRIVATE LIMITED,FIRE SAFETY DEVICES PRIVATE LIMITED,544841527,2023071308544841527,Importer,Rejected
2023-07-13T17:17:34,Shri KUMAR MUKESH SINGLA,K.K.INTERNATIONAL SAFETY CO.,544836056,2023071308544836056,Importer,Rejected
2023-07-14T14:20:25,Shri RAJ HANS MANOCHA,MANOCHA ENTERPRISES,544836175,2023071408544836175,Importer,Rejected
2023-07-17T14:52:30,M/s   PARKASH UDYOG,Parkash Udyog,544836476,2023071708544836476,Importer,Rejected
2023-07-17T17:04:48,M/s   HITACHI ASTEMO GURUGRAM POWERTRAIN SYSTEMS PRIVATE LIMITED,HITACHI ASTEMO GURUGRAM POWERTRAIN SYSTEMS PRIVATE LIMITED,544836530,2023071708544836530,Importer,Rejected
2023-07-18T16:50:33,M/s   B R TECH-TEX,B R TECH TEX,544836695,2023071808544836695,Importer,Rejected
2023-07-19T11:59:22,M/s   YOGESHWAR POLYMERS,YOGESHWAR POLYMERS,544836764,2023071908544836764,Importer,Rejected
2023-07-21T17:29:07,M/s   ZEA MAIZE PRIVATE LIMITED,ZEA MAIZE PRIVATE LIMITED,544837106,2023072108544837106,Importer,Rejected
2023-07-23T01:48:19,M/s   IMERYS STEELCASTING INDIA PRIVATE LIMITED,IMERYS STEELCASTING INDIA PRIVATE LIMITED,544837225,2023072308544837225,Importer,Rejected
2023-07-25T10:54:19,M/s   TRANSITION ENERGY SERVICES PRIVATE LIMITED,TRANSITION ENERGY SERVICES PRIVATE LIMITED,544837390,2023072508544837390,Importer,Rejected
2023-07-25T15:59:29,M/s   HARYANA LEATHER CHEMICALS LIMITED,HARYANA LEATHER CHEMICALS LIMITED,544837519,2023072508544837519,Importer,Rejected
2023-07-25T17:42:43,M/s   RECOMM BUSINESS SOLUTIONS INDIA PRIVATE LIMITED,RECOMM BUSINESS SOLUTIONS INDIA PRIVATE LIMITED,544837567,2023072508544837567,Importer,Rejected
2023-07-28T10:44:23,M/s   SPECTRUM TRUFF PRIVATE LIMITED,SPECTRUM TRUFF PRIVATE LIMITED,544837697,2023072808544837697,Importer,Rejected
2023-07-29T13:51:07,Shri CHAND GOPAL TAPARIA,SHREE MAHAVIR SALES CORPN,544838091,2023072908544838091,Importer,Rejected
2023-07-31T16:29:35,M/s   B R PLASTIC INDUSTRIES PRIVATE LIMITED,B R PLASTIC INDUSTRIES PRIVATE LIMITED,544838384,2023073108544838384,Importer,Rejected
2023-07-31T18:30:17,Shri PRABHUDAS MRUGESH GANDHI,SPECTRA CHEMICALS,544838383,2023073108544838383,Importer,Rejected
2023-08-01T10:52:27,M/s   ISOLUTIONS TECHNOLOGIES PRIVATE LIMITED,/s   ISOLUTIONS TECHNOLOGIES PRIVATE LIMITED,544838403,2023080108544838403,Importer,Rejected
2023-08-01T12:10:19,Shri  MUKESH PAL,VISHT AGRO INTERNATIONAL,544838425,2023080108544838425,Importer,Rejected
2023-08-01T13:44:53,M/s   SIPCON TECHNOLOGIES PRIVATE LIMITED,SIPCON TECHNOLOGIES PRIVATE LIMITED,544838950,2023080108544838950,Importer,Rejected
2023-08-01T17:46:21,M/s   SARLA MILLS PRIVATE LIMITED,SARLA MILLS PRIVATE LIMITED,544838544,2023080108544838544,Importer,Rejected
2023-08-02T11:38:56,Smt  MAMTA GUPTA,FARMBRIDGE AGRI & FOOD PROCESSING CO,544838609,2023080208544838609,Importer,Rejected
2023-08-02T14:33:36,Shri   SATPAL,VS TRADING COMPANY,544838673,2023080208544838673,Importer,Rejected
2023-08-02T17:04:47,M/s   ISHT DEV ENTERPRISES,Isht Dev Enterprises,544838734,2023080208544838734,Importer,Rejected
2023-08-04T11:05:35,M/s   HCM AGRO PRODUCTS PRIVATE LIMITED,HCM AGRO PRODUCTS PRIVATE LIMITED,544838963,2023080408544838963,Importer,Rejected
2023-08-04T19:07:49,M/s   LANZA TECH PRIVATE LIMITED,LANZATECH PRIVATE LIMITED,544839111,2023080408544839111,Importer,Rejected
2023-08-05T15:15:03,M/s   SHREE JEE LABORATORY PRIVATE LIMITED,SHREE JEE LABORATORY PRIVATE LIMITED,544839191,2023080508544839191,Importer,Rejected
2023-08-05T16:20:15,Shri  CHANDAN ARORA,CREATIVE OVERSEAS,544839219,2023080508544839219,Importer,Rejected
2023-08-07T22:10:11,Smt  MANISHA JAIN,GLASSCO LABORATORY INSTRUMENTS,544839517,2023080708544839517,Importer,Rejected
2023-08-12T12:42:07,M/s   RAJASTHAN ANTIBIOTICS LIMITED,RAJASTHAN ANTIBIOTICS LTD,544839691,2023081208544839691,Importer,Rejected
2023-08-12T16:29:56,M/s   DIFFUSION ENGINEERS LIMITED,DIFFUSION ENGINEERS LIMITED,544839783,2023081208544839783,Importer,Rejected
2023-08-14T13:09:45,Smt KAUR TIRATH AHUJA,XERO DEFECTS ENGINEERS AND SOLUTIONS,544839903,2023081408544839903,Importer,Rejected
2023-08-14T14:44:41,M/s   SEOIL INDIA CORPORATION PRIVATE LIMITED,SEOIL INDIA CORPORATION PRIVATE LIMITED,544840101,2023081408544840101,Importer,Rejected
2023-08-16T11:40:28,M/s   ADAMA INDIA PRIVATE LIMITED,ADAMA INDIA PRIVATE LIMITED,544840032,2023081608544840032,Importer,Rejected
2023-08-17T12:06:13,M/s   MV MOBILITY  LIMITED,MV MOBILITY LIMITED,544840247,2023081708544840247,Importer,Rejected
2023-08-17T18:02:10,Shri  ANIL KHARBANDA,VEDANT INCORPORATION,544840351,2023081708544840351,Importer,Rejected
2023-08-18T15:40:34,M/s   SR IMPEX,SR IMPEX,544840452,2023081808544840452,Importer,Rejected
2023-08-18T17:53:09,M/s   WITTUR ELEVATOR COMPONENTS INDIA PRIVATE LIMITED,WITTUR ELEVATOR COMPONENTS INDIA PRIVATELIMITED,544840490,2023081808544840490,Importer,Rejected
2023-08-19T14:50:30,M/s   MITTAL ENTERPRISES,MITTAL ENTERPRISES,544840576,2023081908544840576,Importer,Rejected
2023-08-22T10:46:05,M/s   JBJ INTERNATIONAL PRIVATE LIMITED,JBJ INTERNATIONAL PRIVATE LIMITED,544840813,2023082208544840813,Importer,Rejected
2023-08-22T12:24:01,M/s   BFL BRANDFOLIO PRIVATE LIMITED,BFL BRANDFOLIO PRIVATE LIMITED,544840822,2023082208544840822,Importer,Rejected
2023-08-23T14:54:21,M/s   AUROBINDO PHARMA LIMITED,AUROBINDO PHARMA LTD,544844216,2023082308544844216,Importer,Rejected
2023-08-23T17:35:39,M/s   TIRUPATI PLASTOMATICS PRIVATE LIMITED,TIRUPATI PLASTOMATICS PRIVATE LIMITED,544841055,2023082308544841055,Importer,Rejected
2023-08-24T13:18:37,M/s   GREENRUSH MARKETING LLP,GREENRUSH MARKETING LLP,544841135,2023082408544841135,Importer,Rejected
2023-08-24T15:12:26,M/s   NUEVO POLYMERS PRIVATE LIMITED,NUEVO POLYMERS PRIVATE LIMITED,544841156,2023082408544841156,Importer,Rejected
2023-08-26T11:42:02,M/s   ADITYA STEEL INDUSTRIES,ADITYA STEEL INDUSTRIES,544841374,2023082608544841374,Importer,Rejected
2023-08-26T17:18:12,Shri  TEJAS JAIN,M/S SHIVM RUBBER,544841436,2023082608544841436,Importer,Rejected
2023-09-04T11:54:08,M/s   SUN IMPEX,SUN IMPEX,544841973,2023090408544841973,Importer,Rejected
2023-09-04T13:05:23,Shri DHIRAJKUMAR MUNJAL PATEL,LEO POLYMERS,544841991,2023090408544841991,Importer,Rejected
2023-09-04T13:58:46,M/s   PENTAIR WATER TREATMENT PRIVATE LIMITED,PENTAIR WATER TREATMENT PRIVATE LIMITED,544842013,2023090408544842013,Importer,Rejected
2023-09-05T14:47:12,M/s   UNITED BRANDS OF SHISHA INDIA PRIVATE LIMITED,UNITED BRANDS OF SHISHA INDIA PRIVATE LIMITED,544842184,2023090508544842184,Importer,Rejected
2023-09-05T17:46:17,Shri  SAHIL BHATIA,SHANAYA ENTERPRISES,544842238,2023090508544842238,Importer,Rejected
2023-09-06T17:18:58,M/s   EURO SAFETY EQUIPMENTS PRIVATE LIMITED,EURO SAFETY EQUIPMENTS PRIVATE LIMITED,544842377,2023090608544842377,Importer,Rejected
2023-09-11T13:57:41,M/s   POLYHOSE KOHYEI INDIA PRIVATE LIMITED,POLYHOSE KOHYEI INDIA PRIVATE LIMITED,544842729,2023091108544842729,Importer,Rejected
2023-09-11T17:18:14,Shri  VINAY AGARWAL,JJ SYSTEM AND SOLUTION,544842776,2023091108544842776,Importer,Rejected
2023-09-12T11:11:52,Smt  MORNI DEVI,CLATIN INDIA,544842806,2023091208544842806,Importer,Rejected
2023-09-12T16:08:49,PREMIERE RETAIL TRADING PRIVATE LIMITED,PREMIERE RETAIL TRADING PRIVATE LIMITED,544842882,2023091208544842882,Importer,Rejected
2023-09-12T16:53:35,Shri SUBHASH AJAY MUTHA,Shree Enterprises,544842885,2023091208544842885,Importer,Rejected
2023-09-13T12:22:49,Shri  VIVEK GUPTA,ROCK TEAR PARTS,544842938,2023091308544842938,Importer,Rejected
2023-09-13T12:30:42,M/s   TSUZUKI INDIA PRECISION LLP,TSUZUKI INDIA PRECISION LLP,544842958,2023091308544842958,Importer,Rejected
2023-09-15T18:55:13,Shri VINOD JENISH SHAH,DIYAAN AGRITECH,544843274,2023091508544843274,Importer,Rejected
2023-09-15T20:01:31,M/s   MINDA TG RUBBER PRIVATE LIMITED,MINDA TG RUBBER PRIVATE LIMITED,544843278,2023091508544843278,Importer,Rejected
2023-09-16T16:23:13,M/s   QUALITY FOILS (INDIA) LIMITED,QUALITY FOILS (INDIA) LIMITED,544843342,2023091608544843342,Importer,Rejected
2023-09-18T13:11:06,Shri LAL MURARI GUPTA,NESSCO INDIA,544843418,2023091808544843418,Importer,Rejected
2023-09-21T12:49:47,M/s   PPIN PRIVATE LIMITED,PPIN PRIVATE LIMITED,544843682,2023092108544843682,Importer,Rejected
2023-09-21T15:58:49,M/s   IPM INDIA WHOLESALE TRADING PRIVATE LIMITED,IPM INDIA WHOLESALE TRADING PRIVATE LIMITED,544843696,2023092108544843696,Importer,Rejected
2023-09-21T16:12:31,Shri  NANAK CHAND,M/S PREM IMPORT AND EXPORT,544843703,2023092108544843703,Importer,Rejected
2023-09-21T17:39:22,M/s   ZUARI FARMHUB LIMITED,ZUARI FARMHUB LIMITED,544843731,2023092108544843731,Importer,Rejected
2023-09-25T11:25:44,M/s   SALCOMP TECHNOLOGIES INDIA PRIVATE LIMITED,SALCOMP TECHNOLOGIES INDIA PRIVATE LIMITED,544843936,2023092508544843936,Importer,Rejected
2023-09-27T12:54:55,Shri NILESH DHAIRYA PAREKH,ANANT CHEM,544844132,2023092708544844132,Importer,Rejected
2023-09-28T14:34:58,Shri JAYANTILAL NILESH PAREKH,JAY CHEM MARKETING,544844255,2023092808544844255,Importer,Rejected
2023-09-30T14:55:11,Shri  PRAHLAD GOYAL,P G ASSOCIATES,544844434,2023093008544844434,Importer,Rejected
2023-10-03T17:53:36,Shri  TARUN MEHTA,M.S.C CHEMICALS,544844604,2023100308544844604,Importer,Rejected
2023-10-07T10:49:57,M/s   BLISS IMPEX,BLISS IMPEX,544844836,2023100708544844836,Importer,Rejected
2023-10-07T13:29:42,M/s   MINDA ONKYO INDIA PRIVATE LIMITED,MINDA ONKYO INDIA PRIVATE LIMITED,544844892,2023100708544844892,Importer,Rejected
2023-10-11T11:01:25,Shri  AJAY AHUJA,AARK COTTON INDUSTRIES,544845170,2023101108544845170,Importer,Rejected
2023-10-12T19:34:17,Shri MOTILAL VINODKUMAR SHAH,TEJAL PLASTICS,544845413,2023101208544845413,Importer,Rejected
2023-10-14T13:36:20,Shri  MADANLAL SURANA,VINAY PLASTICS,544845557,2023101408544845557,Importer,Rejected
2023-10-18T16:28:40,M/s   S R K TELE ENERGY (INDIA) PRIVATE LIMITED,S R K TELE ENERGY (INDIA) PRIVATE LIMITED,544845806,2023101808544845806,Importer,Rejected
2023-10-18T17:24:13,M/s   SERACHEM DIAGNOSTIC INDIA PRIVATE LIMITED,SERACHEM DIAGNOSTIC INDIA PRIVATE LIMITED,544845820,2023101808544845820,Importer,Rejected
2023-10-18T19:58:50,Shri  SUSHIL GOEL,SAT PARKASH SUSHIL KUMAR,544845830,2023101808544845830,Importer,Rejected
2023-10-19T11:10:30,M/s   AFFLATUS TRADING PRIVATE LIMITED,AFFLATUS TRADING PRIVATE LIMITED,544846919,2023101908544846919,Importer,Rejected
2023-10-20T13:11:35,M/s   NAPINO AUTO AND ELECTRONICS LIMITED,NAPINO AUTO AND ELECTRONICS LIMITED,544845957,2023102008544845957,Importer,Rejected
2023-10-20T16:24:54,Shri  SUDHANSHU SHUKLA,BAVISHUAN ENTERPRISE,544846000,2023102008544846000,Importer,Rejected
2023-10-25T15:19:06,M/s   VALUE-ONE RETAIL PRIVATE LIMITED,VALUE-ONE RETAIL PRIVATE LIMITED,544846257,2023102508544846257,Importer,Rejected
2023-10-26T15:35:06,M/s   HITACHI ASTEMO HARYANA PRIVATE LIMITED,HITACHI ASTEMO HARYANA PRIVATE LIMITED,544846378,2023102608544846378,Importer,Rejected
2023-10-26T15:41:35,M/s   CASABLANCA INDUSTRIES PRIVATE LIMITED,CASABLANCA INDUSTRIES PRIVATE LIMITED,544846395,2023102608544846395,Importer,Rejected
2023-10-28T04:17:29,M/s   SECURE INDUSTRIES PRIVATE LIMITED,SECURE INDUSTRIES PRIVATE LIMITED,544846566,2023102808544846566,Importer,Rejected
2023-10-28T19:29:34,Shri VASANTLAL NILESH SHETH,M/S SHETH SPICE,544846650,2023102808544846650,Importer,Rejected
2023-10-30T15:58:28,M/s   GOODRICH CEREALS,GOODRICH CEREALS,544846811,2023103008544846811,Importer,Rejected
2023-10-31T19:46:20,M/s   SIEGWERK INDIA PRIVATE LIMITED,SIEGWERK INDIA PRIVATE LIMITED,544846953,2023103108544846953,Importer,Rejected
2023-11-02T09:59:05,M/s   SAVI HEALTH SCIENCE,SAVI HEALTH SCIENCE,544847043,2023110208544847043,Importer,Rejected
2023-11-03T13:16:36,M/s   ENVIRO RECYCLEAN PRIVATE LIMITED,ENVIRO RECYCLEAN PRIVATE LIMITED,544847176,2023110308544847176,Importer,Rejected
2023-11-05T11:14:43,Shri  ARJUN ABBOT,ARYAN INFOLABS,544847323,2023110508544847323,Importer,Rejected
2023-11-06T13:31:41,M/s   S.K. INTERNATIONAL,S K INTERNATIONAL,544847362,2023110608544847362,Importer,Rejected
2023-11-07T17:27:12,M/s   SIEGEN AGRO PRIVATE LIMITED,SIEGEN AGRO PRIVATE LIMITED,544847516,2023110708544847516,Importer,Rejected
2023-11-10T12:02:09,Smt BRIJESH URVASHI SHARMA,DOHRIK Incorporation,544847699,2023111008544847699,Importer,Rejected
2023-11-14T17:32:11,Shri  MANISH KUMAR,ULTRA GRAIN TECHNOLOGIES,544847857,2023111408544847857,Importer,Rejected
2023-11-17T18:47:01,M/s   TRANSITION CLEANTECH SERVICES PRIVATE LIMITED,TRANSITION CLEANTECH SERVICES PRIVATE LIMITED,544848055,2023111708544848055,Importer,Rejected
2023-11-29T17:17:54,M/s   BENCHMARK AGENCIES PRIVATE LIMITED,BENCHMARK AGENCIES PRIVATE LIMITED,544848292,2023112908544848292,Importer,Rejected
2023-11-29T17:55:30,M/s   UTT INDIA PRIVATE LIMITED,UTT INDIA PRIVATE LIMITED,544848310,2023112908544848310,Importer,Rejected
2023-11-30T11:10:03,M/s   RAJRATAN GLOBAL WIRE LIMITED,RAJRATAN GLOBAL WIRE LIMITED,544848400,2023113008544848400,Importer,Rejected
2023-11-30T13:13:35,M/s   SANEESA CHEMICALS AND EQUIPMENTS PRIVATE LIMITED,SANEESA CHEMICALS AND EQUIPMENTS PRIVATE LIMITED,544848467,2023113008544848467,Importer,Rejected
2023-11-30T17:21:44,M/s   BELLSONICA AUTO COMPONENT INDIA PRIVATE LIMITED,BELLSONICA AUTO COMPONENT INDIA PRIVATE LIMITED,544848554,2023113008544848554,Importer,Rejected
2023-12-01T11:32:33,M/s   AXIS WIND FARMS (MPR DAM) PRIVATE LIMITED,AXIS WIND FARMS (MPR DAM ) PRIVATE LIMITED,544848634,2023120108544848634,Importer,Rejected
2023-12-01T11:38:35,M/s   R K INTERNATIONAL,R K INTERNATIONAL,544848621,2023120108544848621,Importer,Rejected
2023-12-01T14:30:49,M/s   CROSS WIRE,CROSS WIRE,544848686,2023120108544848686,Importer,Rejected
2023-12-07T09:34:27,Shri  VAJRALA KRISHNANAND,HYDRO PNEUMATIC ENGINEERING SERVICES,544849258,2023120708544849258,Importer,Rejected
2023-12-07T14:17:48,M/s   AGRESTAL ORGANIC LIVING INDIA PRIVATE LIMITED,AGRESTAL ORGANIC LIVING INDIA PRIVATE LIMITED,544849220,2023120708544849220,Importer,Rejected
2023-12-07T16:39:03,M/s   NITYANAND UDYOG PVT LTD,NITYANAND UDYOG PRIVATE LIMITED,544849243,2023120708544849243,Importer,Rejected
2023-12-07T16:49:39,M/s   WINDAR RENEWABLE ENERGY PRIVATE LIMITED,WINDAR RENEWABLE ENERGY PRIVATE LIMITED,544849248,2023120708544849248,Importer,Rejected
2023-12-08T23:05:25,M/s   YOKOHAMA INDIA PRIVATE LIMITED,YOKOHAMA INDIA PRIVATE LIMITED,544849365,2023120808544849365,Importer,Rejected
2023-12-10T17:50:30,M/s   GLS ELOPAK PRIVATE LIMITED,GLS ELOPAK PRIVATE LIMITED,544849404,2023121008544849404,Importer,Rejected
2023-12-13T11:58:09,M/s   SEI SRIRAM POWER PRIVATE LIMITED,SEI SRIRAM POWER PRIVATE LIMITED,544849564,2023121308544849564,Importer,Rejected
2023-12-13T17:56:56,M/s   SYNTHETIC DRUGS & INTERMEDIATES,SYNTHETIC DRUGS & INTERMEDIATES,544849666,2023121308544849666,Importer,Rejected
2023-12-15T16:19:41,Shri  PANKAJ SACHDEVA,SACHDEVA CARPET& MATTING HOUSE,544849782,2023121508544849782,Importer,Rejected
2023-12-15T16:37:43,M/s   STRAITS LAUNDRY (INDIA) PRIVATE LIMITED,STRAITS LAUNDRY (INDIA) PRIVATE LIMITED,544849784,2023121508544849784,Importer,Rejected
2023-12-15T17:27:02,M/s   DATAMATICS GLOBAL SERVICES LIMITED,DATAMATICS GLOBAL SERVICES LIMITED,544849793,2023121508544849793,Importer,Rejected
2023-12-18T14:56:30,Shri  HIMANSHU GARG,SHYAMSONS GROUP,544849922,2023121808544849922,Importer,Rejected
2023-12-23T12:36:24,M/s   UNO MINDA LIMITED,UNO MINDA LIMITED FUEL CAP DIVISION,544850312,2023122308544850312,Importer,Rejected
2023-12-28T14:42:43,M/s   VINTEX TOOLS PRIVATE LIMITED,VINTEX TOOLS PRIVATE LIMITED,544850614,2023122808544850614,Importer,Rejected
2023-12-30T18:21:03,M/s   NTPC LIMITED,NTPC LIMITED,544850823,2023123008544850823,Importer,Rejected
2024-01-03T08:34:07,M/s   UMIYA PULSE MILL,UMIYA PULSE MILL,544850904,2024010308544850904,Importer,Rejected
2024-01-03T15:17:45,M/s   BALAJI POLYSTER PRIVATE LIMITED,BALAJI POLYSTER PRIVATE LIMITED,544850950,2024010308544850950,Importer,Rejected
2024-01-05T12:00:48,M/s   SIMCON SOLAR,SIMCON SOLAR,544851074,2024010508544851074,Importer,Rejected
2024-01-08T15:04:38,Shri  RAJESH NADELLA,COLOR MYLES,544851234,2024010808544851234,Importer,Rejected
2024-01-15T15:36:56,M/s   VERITRIER PRIVATE LIMITED,VERITRIER PRIVATE LIMITED,544851659,2024011508544851659,Importer,Rejected
2024-01-16T16:15:26,Shri MOHANLAL SIDDHARTH SEKHANI,GREEN TREES CORPORATION,544851748,2024011608544851748,Importer,Rejected
2024-01-18T12:44:32,M/s   AMNS GANDHIDHAM LIMITED,AMNS GANDHIDHAM LIMITED,544851862,2024011808544851862,Importer,Rejected
2024-01-22T10:31:01,M/s   LOROM INDIA CORPORATION PRIVATE LIMITED,LOROM INDIA CORPORATION PRIVATE LIMITED,544852051,2024012208544852051,Importer,Rejected
2024-03-02T10:51:14,M/s   MATRIX DESIGN & INDUSTRIES PRIVATE LIMITED,MATRIX DESIGN & INDUSTRIES PRIVATE LIMITED,544853168,2024030208544853168,Importer,Rejected
2024-03-04T17:40:34,M/s   CCTY BEARING INDIA PRIVATE LIMITED,CCTY BEARING INDIA PRIVATE LIMITED,544852346,2024030408544852346,Importer,Rejected
2024-03-14T10:16:29,M/s   PUNJAB COMMUNICATIONS LIMITED,PUNJAB COMMUNICATIONS LIMITED,544853039,2024031408544853039,Importer,Rejected
2024-03-15T15:40:01,M/s   VACCUM TECHNIQUES PRIVATE LIMITED,VACUUM TECHNIQUES PVT LTD,544853157,2024031508544853157,Importer,Rejected
2024-03-16T11:48:08,M/s   PAN OVERSEAS,PAN OVERSEAS,544853239,2024031608544853239,Importer,Rejected
2024-04-08T10:08:40,Smt  MAMTA GARG,AESTHETIC AANGAN,544853582,2024040808544853582,Importer,Rejected
2024-04-08T11:54:52,Shri  YASH RAMANI,ACE IMPORTS AND EXPORTS,544853833,2024040808544853833,Importer,Rejected
2024-04-08T15:10:32,M/s   INDO AIR COMPRESSORS PVT LIMITED,Indo Air Compressors Private Limited,544853687,2024040808544853687,Importer,Rejected
2024-04-09T12:35:47,Shri JAYANTIBHAI RUMIT GODHANI,ANTARCTICO INTERNATIONAL,544853505,2024040908544853505,Importer,Rejected
2024-04-10T10:39:33,M/s   DAWN ENTERPRISE,DAWN ENTERPRISE,544853615,2024041008544853615,Importer,Rejected
2024-04-10T11:58:47,Shri   KALPESH KUMAR,ARIHANT IMPEX,544854023,2024041008544854023,Importer,Rejected
2024-04-10T12:18:12,Shri SINGH GAGANDEEP CHAWLA,Bawa Homes Textiles,544859556,2024041008544859556,Importer,Rejected
2024-04-15T18:10:35,Shri HUSSAIN DARIYA SYED,DIGITAL SOUND SYSTEMS,544853326,2024041508544853326,Importer,Rejected
2024-04-24T16:31:07,SOHIL YESHPAL ARORA,GALAXY,544854106,2024042408544854106,Importer,Rejected
2024-04-25T14:37:53,Shri  SHAIK SALEEM,SHINE FOILS,544853695,2024042508544853695,Importer,Rejected
2024-04-25T17:52:48,M/s   MAULI POWER TOOLS,Mauli Power Tools,544853769,2024042508544853769,Importer,Rejected
2024-04-26T13:31:44,M/s   ASIA CHEM INDUSTRIES,Asia Chem Industries,544853840,2024042608544853840,Importer,Rejected
2024-04-26T13:51:40,M/s   AVANA MEDICAL DEVICES PRIVATE LIMITED,AVANA MEDICAL DEVICES PRIVATE LIMITED,544853868,2024042608544853868,Importer,Rejected
2024-04-26T15:06:25,M/s   BHARAT ELECTRONICS AND SURVEILLANCE TECHNOLOGIES,BHARAT ELECTRONICS AND SURVEILLANCE TECHNOLOGIES,544853879,2024042608544853879,Importer,Rejected
2024-04-26T19:08:31,Shri   DALJEET SINGH DADHA,SANKHESWARA-IMPEX,544853929,2024042608544853929,Importer,Rejected
2024-04-27T18:28:40,Shri  MUKESH KUMAR,MITTER FASTENERS,544854019,2024042708544854019,Importer,Rejected
2024-04-29T14:01:22,M/s   SUNSHINE IMPEX,SUNSHINE IMPEX,544854071,2024042908544854071,Importer,Rejected
2024-04-30T16:03:44,M/s   SIDDHI ENGINEERS,SIDDHI ENGINEERS,544854197,2024043008544854197,Importer,Rejected
2024-04-30T18:46:02,Shri NITIN AADITYA BANSAL,ACCELPARK OVERSEAS BEVERAGES,544854227,2024043008544854227,Importer,Rejected
2024-05-01T12:31:19,M/s   PLASTI WEAVE INDUSTRIES LLP,PLASTI WEAVE INDUSTRIES LLP,544854249,2024050108544854249,Importer,Rejected
2024-05-01T13:57:21,M/s   THENI GURU KRISHNA TEXTILE MILLS PRIVATE LIMITED,THENI GURU KRISHNA TEXTILE MILLS PRIVATE LIMITED,544854258,2024050108544854258,Importer,Rejected
2024-05-01T16:40:18,M/s   HH INTERIORS LLP,HH INTERIORS LLP,544854271,2024050108544854271,Importer,Rejected
2024-05-02T10:35:38,M/s   AVANTI FROZEN FOODS PRIVATE LIMITED,AVANTI FROZEN FOODS PRIVATE LIMITED,544854296,2024050208544854296,Importer,Rejected
2024-05-02T11:18:50,M/s   FINE PROPS LLP,FINE PROPS LLP,544854309,2024050208544854309,Importer,Rejected
2024-05-03T10:22:16,M/s   RANEE POLYMERS PRIVATE LIMITED,RANEE POLYMERS PRIVATE LIMITED,544854400,2024050308544854400,Importer,Rejected
2024-05-04T16:31:20,Shri CHAMPALAL DHANPAT MUNOT,RIDDHI IMPEX,544854515,2024050408544854515,Importer,Rejected
2024-05-07T12:48:46,M/s   FORTUM CHARGE & DRIVE INDIA PRIVATE LIMITED,FORTUM CHARGE & DRIVE INDIA PRIVATE LIMITED,544854639,2024050708544854639,Importer,Rejected
2024-05-29T11:17:12,M/s   JAI SUSTAINABILITY SOLUTIONS & CO.,Jai Sustainability Solutions & Co,544855166,2024052908544855166,Importer,Rejected
2024-05-31T12:23:28,axis polychem india,axis polychem india,544855325,2024053108544855325,Importer,Rejected
2024-05-31T16:21:33,aadinath uvpack private limited,AADINATH UVPACK PRIVATE LIMITED,544855420,2024053108544855420,Importer,Rejected
2024-06-04T14:34:16,rkb global flux private limited,RKB GLOBAL FLUX PRIVATE LIMITED,544855992,2024060408544855992,Importer,Rejected
2024-06-05T19:07:27,momentive performance materials india private limited,MOMENTIVE PERFORMANCE MATERIALS (INDIA) PRIVATE LIMITED,544856240,2024060508544856240,Importer,Rejected
2024-06-06T19:54:47,master king corps,MASTER KING CORPS,544856423,2024060608544856423,Importer,Rejected
2024-06-08T15:24:55,SCORPION INC,SCORPION INC,544856638,2024060808544856638,Importer,Rejected
2024-06-13T18:58:26,stanvac international limited,STANVAC INTERNATIONAL LIMITED,544857072,2024061308544857072,Importer,Rejected
2024-06-20T14:31:47,isay buddy.com,ISAY BUDDY.COM,544857515,2024062008544857515,Importer,Rejected
2024-06-21T12:59:31,raja explosives private limited,RAJA EXPLOSIVES PRIVATE LIMITED,544857607,2024062108544857607,Importer,Rejected
2024-06-25T17:12:52,international agricultural processing private limited,INTERNATIONAL AGRICULTURAL PROCESSING PRIVATE LIMITED,544857977,2024062508544857977,Importer,Rejected
2024-06-26T16:07:46,raghav jindal,R K TRADERS,544857934,2024062608544857934,Importer,Rejected
2024-06-26T17:39:36,eltex india private limited,ELTEX INDIA PVT LTD,544857955,2024062608544857955,Importer,Rejected
2024-06-29T11:51:27,amandeep singh brar,A AND G Technologies,544858335,2024062908544858335,Importer,Rejected
2024-06-29T14:38:07,terafence private limited,TERAFENCE PRIVATE LIMITED,544858281,2024062908544858281,Importer,Rejected
2024-07-01T20:20:33,shyam hablani,Friends Enterprises,544858342,2024070108544858342,Importer,Rejected
2024-07-01T22:21:09,shivani chauhan,Shiwalik Corp,544858344,2024070108544858344,Importer,Rejected
2024-07-02T15:36:32,informage techno solutions private limited,INFORMAGE TECHNO SOLUTIONS PRIVATE LIMITED,544858418,2024070208544858418,Importer,Rejected
2024-07-05T17:57:53,harsh bansal,AKMK AGRO INDUSTRIES,544858678,2024070508544858678,Importer,Rejected
2024-07-07T08:46:02,s t woollen mills private limited,S.T. WOOLLEN MILLS PRIVATE LIMITED.,544858849,2024070708544858849,Importer,Rejected
2024-07-09T10:25:37,vishal smart electric private limited,VISHAL SMART ELECTRIC PRIVATE LIMITED,544858858,2024070908544858858,Importer,Rejected
2024-07-24T17:39:44,uila power private limited,UILA POWER PRIVATE LIMITED,544859756,2024072408544859756,Importer,Rejected
2024-07-25T16:46:30,saroj devi agarwal,SATYA CORPORATIONS,544859818,2024072508544859818,Importer,Rejected
2024-07-29T16:08:27,ooa emporio private limited,OOA EMPORIO PRIVATE LIMITED,544859978,2024072908544859978,Importer,Rejected
2024-07-30T11:36:46,trumen technologies private limited,TRUMEN TECHNOLOGIES PRIVATE LIMITED,544860027,2024073008544860027,Importer,Rejected
2024-08-03T15:52:12,disha singhal,SUGARTALES,544860307,2024080308544860307,Importer,Rejected
2024-08-06T18:23:10,sunil khanna,KHANNA TRADERS,544860495,2024080608544860495,Importer,Rejected
2024-08-12T13:07:09,guru nanak handloom private limited,GURU NANAK HANDLOOM PRIVATE LIMITED,544861005,2024081208544861005,Importer,Rejected
2024-08-14T15:12:57,etalon multitrade private limited,ETALON MULTITRADE PRIVATE LIMITED,544860826,2024081408544860826,Importer,Rejected
2024-08-17T11:10:53,fmi automotive components private limited,FMI AUTOMOTIVE COMPONENTS PRIVATE LIMITED,544860914,2024081708544860914,Importer,Rejected
2024-08-21T14:20:20,s s papers,S S PAPERS,544861047,2024082108544861047,Importer,Rejected
2024-08-22T16:31:26,mustafa yawar abbas,MATZ INTERNATIONAL,544861294,2024082208544861294,Importer,Rejected
2024-08-27T14:41:58,antelopus energy private limited,ANTELOPUS ENERGY PRIVATE LIMITED,544861300,2024082708544861300,Importer,Rejected
2024-09-01T14:29:47,deals sanitation private limited,DEALS SANITATION PRIVATE LIMITED,544861532,2024090108544861532,Importer,Rejected
2024-09-02T12:38:25,indra marshal power private limited,INDRA MARSHAL POWER PRIVATE LIMITED,544861572,2024090208544861572,Importer,Rejected
2024-09-03T09:50:22,interface microsystems,Interface Microsystems,544861590,2024090308544861590,Importer,Rejected
2024-09-05T14:18:41,suresh malhotra,CHIKU FRESH FRUITS,544861736,2024090508544861736,Importer,Rejected
